{
    "horizon_blend_stops": {
        "min": {
            "0.0": 0,
            "0.09812499582767485": 0.01,
            "0.1962499916553497": 0.04,
            "0.22312499582767487": 0.01,
            "0.25": 0,
            "0.29500000000000004": 0.1375,
            "0.34": 0.55,
            "0.47": 0.23875000000000002,
            "0.6": 0.135,
            "0.03750000596046449": 0.08373687654733658,
            "0.6750000119209290": 0.06664916872978209,
            "0.036874979734420776": 0.016662292182445523,
            "0.7487499713897705": 0,
            "0.8174999952316284": 0
        },
        "start": {
            "0.0": 0.1,
            "0.09812499582767485": 0.11679066121578216,
            "0.1962499916553497": 0.16716264486312868,
            "0.22312499582767487": 0.10569066121578216,
            "0.25": 0.0852,
            "0.29500000000000004": 0.10400000000000001,
            "0.34": 0.16040000000000001,
            "0.47": 0.1091,
            "0.6": 0.092,
            "0.03750000596046449": 0.08729236233234408,
            "0.6750000119209290": 0.08572314977645876,
            "0.036874979734420776": 0.08113271445035936,
            "0.7487499713897705": 0.07960256934165956,
            "0.7831249833106995": 0.12150192409753799,
            "0.8174999952316284": 0.24719998836517335
        },
        "mie_start": {
            "0.0": 0.5119453704128454,
            "0.09812499582767485": 0.683959027809634,
            "0.1962499916553497": 1.2,
            "0.22312499582767487": 0.683959027809634,
            "0.25": 0.5119453704128454,
            "0.29500000000000004": 0.512201339802505,
            "0.34": 0.512969247971484,
            "0.47": 0.25648462728128874,
            "0.6": 0.17098975371789038,
            "0.03750000596046449": 0.1579351467723628,
            "0.6750000119209290": 0.15358361112385363,
            "0.036874979734420776": 0.2559726852064227,
            "0.7487499713897705": 0.56313990745413,
            "0.7831249833106995": 0.6122866630137632,
            "0.8174999952316284": 0.8088736852522959
        },
        "max": {
            "0.0": 0.1,
            "0.09812499582767485": 0.0661,
            "0.1962499916553497": 0.0548,
            "0.22312499582767487": 0.0137,
            "0.25": 0.0,
            "0.29500000000000004": 0.046700000000000005,
            "0.34": 0.18680000000000002,
            "0.47": 0.10670000000000002,
            "0.6": 0.08,
            "0.03750000596046449": 0.0775702503323555,
            "0.6750000119209290": 0.076760333776474,
            "0.036874979734420776": 0.0789702503323555,
            "0.7487499713897705": 0.0856,
            "0.7831249833106995": 0.0214,
            "0.8174999952316284": 0.0
        }
    },
    "rayleigh_strength": {
        "0.0": 10.826561924999998,
        "0.25": 1.71452249085822,
        "0.3": 1.71452249085822,
        "0.3037499785423279": 1.71452249085822,
        "0.3249999880790710": 1.71452249085822,
        "0.6": 5.275459817440518,
        "0.7074999809265137": 2.0917571910826958,
        "0.75": 1.3188649543601294
    },
    "sun_mie_strength": {
        "0.0": 12.5,
        "0.25": 37.5,
        "0.3": 37.5,
        "0.3037499785423279": 35.981273651123054,
        "0.3249999880790710": 12.5,
        "0.6": 12.5,
        "0.7074999809265137": 12.5,
        "0.75": 12.5
    },
    "moon_mie_strength": {
        "0.0": 0.0,
        "0.25": 0.0,
        "0.3": 0.0,
        "0.3037499785423279": 1.425,
        "0.3249999880790710": 12.5,
        "0.6": 12.5,
        "0.7074999809265137": 0.0,
        "0.75": 0.0
    },
    "sun_glare_shape": {
        "0.0": 49.4950008392334,
        "0.25": 49.4950008392334,
        "0.3": 49.4950008392334,
        "0.3037499785423279": 49.32498536246165,
        "0.3249999880790710": 46.69633340151434,
        "0.6": 12.452355573737156,
        "0.7074999809265137": 12.452355573737156,
        "0.75": 12.452355573737156
    }
}