{
    "horizon_blend_stops": {
        "max": {
            "0.0": 0.35,
            "0.6": 0.3,
            "0.25": 0.1,
            "0.34": 0.567,
            "0.1962499916553497": 0.237,
            "0.6750000119209290": 0.291900834441185,
            "0.7487499713897705": 0.314,
            "0.8174999952316284": 0.1
        },
        "mie_start": {
            "0.0": 0.6,
            "0.6": 0.267,
            "0.25": 0.6,
            "0.34": 0.6009999871253967,
            "0.1962499916553497": 1.272000050544739,
            "0.6750000119209290": 0.25,
            "0.7487499713897705": 0.65,
            "0.8174999952316284": 0.89
        },
        "min": {
            "0.0": 0.1,
            "0.6": 0.127,
            "0.25": 0.1,
            "0.34": 0.21,
            "0.1962499916553497": 0.108,
            "0.6750000119209290": 0.11332983374595642,
            "0.7487499713897705": 0.1,
            "0.8174999952316284": 0.1
        },
        "start": {
            "0.0": 0.35,
            "0.6": 0.33,
            "0.25": 0.313,
            "0.34": 0.501,
            "0.1962499916553497": 0.5179066121578217,
            "0.6750000119209290": 0.3143078744411469,
            "0.7487499713897705": 0.2990064233541489,
            "0.8174999952316284": 0.7179999709129333
        }
    },
    "moon_mie_strength": {
        "0.0": 0.1,
        "0.3": 0.1,
        "0.6": 1.1,
        "0.25": 0.1,
        "0.75": 0.1,
        "0.3037499785423279": 0.214,
        "0.3249999880790710": 1.1,
        "0.7074999809265137": 0.1
    },
    "rayleigh_strength": {
        "0.0": 1.126124954,
        "0.3": 0.2624998152,
        "0.6": 0.6,
        "0.25": 0.2624998152,
        "0.75": 0.225,
        "0.3037499785423279": 0.2624998152,
        "0.3249999880790710": 0.2624998152,
        "0.7074999809265137": 0.2982535422
    },
    "sun_glare_shape": {
        "0.0": 15.99900016784668,
        "0.3": 15.99900016784668,
        "0.6": 4.1,
        "0.25": 15.99900016784668,
        "0.75": 4.1,
        "0.3037499785423279": 15.94438705444336,
        "0.3249999880790710": 15.1,
        "0.7074999809265137": 4.1
    },
    "sun_mie_strength": {
        "0.0": 1.1,
        "0.3": 3.1,
        "0.6": 1.1,
        "0.25": 3.1,
        "0.75": 1.1,
        "0.3037499785423279": 2.978501892089844,
        "0.3249999880790710": 1.1,
        "0.7074999809265137": 1.1
    }
}