{
    "horizon_blend_stops": {
        "min": {
            "0.5": 0.0,
            "0.6962499916553497": 0.008,
            "0.75": 0.0,
            "0.84": 0.11,
            "0.1": 0.027,
            "0.1750000119209290": 0.01332983374595642,
            "0.2487499713897705": 0.0,
            "0.3174999952316284": 0.0
        },
        "start": {
            "0.5": 0.25,
            "0.6962499916553497": 0.4179066121578217,
            "0.75": 0.213,
            "0.84": 0.401,
            "0.1": 0.23,
            "0.1750000119209290": 0.2143078744411469,
            "0.2487499713897705": 0.1990064233541489,
            "0.3174999952316284": 0.6179999709129333
        },
        "mie_start": {
            "0.5": 0.5,
            "0.6962499916553497": 1.172000050544739,
            "0.75": 0.5,
            "0.84": 0.5009999871253967,
            "0.1": 0.167,
            "0.1750000119209290": 0.15,
            "0.2487499713897705": 0.55,
            "0.3174999952316284": 0.79
        },
        "max": {
            "0.5": 0.25,
            "0.6962499916553497": 0.137,
            "0.75": 0.0,
            "0.84": 0.467,
            "0.1": 0.2,
            "0.1750000119209290": 0.1919008344411850,
            "0.2487499713897705": 0.214,
            "0.3174999952316284": 0.0
        }
    },
    "rayleigh_strength": {
        "0.5": 1.026124954,
        "0.75": 0.1624998152,
        "0.8": 0.1624998152,
        "0.8037499785423279": 0.1624998152,
        "0.8249999880790710": 0.1624998152,
        "0.1": 0.5,
        "0.2074999809265137": 0.1982535422,
        "0.25": 0.125
    },
    "sun_mie_strength": {
        "0.5": 1.0,
        "0.75": 3.0,
        "0.8": 3.0,
        "0.8037499785423279": 2.878501892089844,
        "0.8249999880790710": 1.0,
        "0.1": 1.0,
        "0.2074999809265137": 1.0,
        "0.25": 1.0
    },
    "moon_mie_strength": {
        "0.5": 0.0,
        "0.75": 0.0,
        "0.8": 0.0,
        "0.8037499785423279": 0.114,
        "0.8249999880790710": 1.0,
        "0.1": 1.0,
        "0.2074999809265137": 0.0,
        "0.25": 0.0
    },
    "sun_glare_shape": {
        "0.5": 15.89900016784668,
        "0.75": 15.89900016784668,
        "0.8": 15.89900016784668,
        "0.8037499785423279": 15.84438705444336,
        "0.8249999880790710": 15.0,
        "0.1": 4.0,
        "0.2074999809265137": 4.0,
        "0.25": 4.0
    }
}