{
    "horizon_blend_stops": {
        "min": {
            "0.5": 0.0,
            "0.6962499916553497": 0.0008,
            "0.75": 0.0,
            "0.84": 0.011,
            "0.1": 0.27,
            "0.1750000119209290": 0.01332983374595642,
            "0.2487499713897705": 0.0,
            "0.3174999952316284": 0.0
        },
        "start": {
            "0.5": 0.025,
            "0.6962499916553497": 0.04179066121578217,
            "0.75": 0.0213,
            "0.84": 0.0401,
            "0.1": 2.3,
            "0.1750000119209290": 2.143078744411469,
            "0.2487499713897705": 1.990064233541489,
            "0.3174999952316284": 6.179999709129333
        },
        "mie_start": {
            "0.5": 0.05,
            "0.6962499916553497": 0.1172000050544739,
            "0.75": 0.05,
            "0.84": 0.05009999871253967,
            "0.1": 1.67,
            "0.1750000119209290": 1.5,
            "0.2487499713897705": 0.55,
            "0.3174999952316284": 0.79
        },
        "max": {
            "0.5": 0.025,
            "0.6962499916553497": 0.0137,
            "0.75": 0.0,
            "0.84": 0.0467,
            "0.1": 2.0,
            "0.1750000119209290": 1.919008344411850,
            "0.2487499713897705": 2.14,
            "0.3174999952316284": 0.0
        }
    },
    "rayleigh_strength": {
        "0.5": 0.1026124954,
        "0.75": 0.01624998152,
        "0.8": 0.01624998152,
        "0.8037499785423279": 0.01624998152,
        "0.8249999880790710": 0.01624998152,
        "0.1": 0.5,
        "0.2074999809265137": 1.982535422,
        "0.25": 1.25
    },
    "sun_mie_strength": {
        "0.5": 0.10,
        "0.75": 0.3,
        "0.8": 0.3,
        "0.8037499785423279": 0.2878501892089844,
        "0.8249999880790710": 0.1,
        "0.1": 1.0,
        "0.2074999809265137": 1.0,
        "0.25": 1.0
    },
    "moon_mie_strength": {
        "0.5": 0.0,
        "0.75": 0.0,
        "0.8": 0.0,
        "0.8037499785423279": 0.0114,
        "0.8249999880790710": 0.1,
        "0.1": 1.0,
        "0.2074999809265137": 0.0,
        "0.25": 0.0
    },
    "sun_glare_shape": {
        "0.5": 1.589900016784668,
        "0.75": 1.589900016784668,
        "0.8": 1.589900016784668,
        "0.8037499785423279": 1.584438705444336,
        "0.8249999880790710": 1.50,
        "0.1": 4.0,
        "0.2074999809265137": 4.0,
        "0.25": 4.0
    }
}