{
    "horizon_blend_stops": {
        "min": {
            "0.0": 0,
            "0.09812499582767485": 0.01,
            "0.1962499916553497": 0.04,
            "0.22312499582767487": 0.01,
            "0.25": 0,
            "0.29500000000000004": 0.1375,
            "0.34": 0.55,
            "0.47": 0.23875000000000002,
            "0.6": 0.135,
            "0.03750000596046449": 0.08373687654733658,
            "0.6750000119209290": 0.06664916872978209,
            "0.036874979734420776": 0.016662292182445523,
            "0.7487499713897705": 0,
            "0.8174999952316284": 0
        },
        "start": {
            "0.0": 0.1,
            "0.09812499582767485": 0.11679066121578216,
            "0.1962499916553497": 0.16716264486312868,
            "0.22312499582767487": 0.10569066121578216,
            "0.25": 0.0852,
            "0.29500000000000004": 0.10400000000000001,
            "0.34": 0.16040000000000001,
            "0.47": 0.1091,
            "0.6": 0.092,
            "0.03750000596046449": 0.08729236233234408,
            "0.6750000119209290": 0.08572314977645876,
            "0.036874979734420776": 0.08113271445035936,
            "0.7487499713897705": 0.07960256934165956,
            "0.7831249833106995": 0.12150192409753799,
            "0.8174999952316284": 0.24719998836517335
        },
        "mie_start": {
            "0.0": 2.5,
            "0.09812499582767485": 3.3400000631809235,
            "0.1962499916553497": 5.860000252723695,
            "0.22312499582767487": 3.3400000631809235,
            "0.25": 2.5,
            "0.29500000000000004": 2.501249983906746,
            "0.34": 2.5049999356269836,
            "0.47": 1.2524999839067457,
            "0.6": 0.8350000000000001,
            "0.03750000596046449": 0.77125,
            "0.6750000119209290": 0.75,
            "0.036874979734420776": 1.25,
            "0.7487499713897705": 2.75,
            "0.7831249833106995": 2.99,
            "0.8174999952316284": 3.95
        },
        "max": {
            "0.0": 0.1,
            "0.09812499582767485": 0.0661,
            "0.1962499916553497": 0.0548,
            "0.22312499582767487": 0.0137,
            "0.25": 0.0,
            "0.29500000000000004": 0.046700000000000005,
            "0.34": 0.18680000000000002,
            "0.47": 0.10670000000000002,
            "0.6": 0.08,
            "0.03750000596046449": 0.0775702503323555,
            "0.6750000119209290": 0.076760333776474,
            "0.036874979734420776": 0.0789702503323555,
            "0.7487499713897705": 0.0856,
            "0.7831249833106995": 0.0214,
            "0.8174999952316284": 0.0
        }
    },
    "rayleigh_strength": {
        "0.0": 12.826561924999998,
        "0.25": 2.0312476900000003,
        "0.3": 2.0312476900000003,
        "0.3037499785423279": 2.0312476900000003,
        "0.3249999880790710": 2.0312476900000003,
        "0.6": 6.25,
        "0.7074999809265137": 2.4781692774999997,
        "0.75": 1.5625
    },
    "sun_mie_strength": {
        "0.0": 12.5,
        "0.25": 37.5,
        "0.3": 37.5,
        "0.3037499785423279": 35.981273651123054,
        "0.3249999880790710": 12.5,
        "0.6": 12.5,
        "0.7074999809265137": 12.5,
        "0.75": 12.5
    },
    "moon_mie_strength": {
        "0.0": 0.0,
        "0.25": 0.0,
        "0.3": 0.0,
        "0.3037499785423279": 1.425,
        "0.3249999880790710": 12.5,
        "0.6": 12.5,
        "0.7074999809265137": 0.0,
        "0.75": 0.0
    },
    "sun_glare_shape": {
        "0.0": 79.4950008392334,
        "0.25": 79.4950008392334,
        "0.3": 79.4950008392334,
        "0.3037499785423279": 79.2219352722168,
        "0.3249999880790710": 75,
        "0.6": 20,
        "0.7074999809265137": 20,
        "0.75": 20
    }
}