{
    "horizon_blend_stops": {
        "min": {
            "0.0": 0,
            "0.09812499582767485": 0.002,
            "0.1962499916553497": 0.008,
            "0.22312499582767487": 0.002,
            "0.25": 0,
            "0.29500000000000004": 0.0275,
            "0.34": 0.11,
            "0.47": 0.04775,
            "0.6": 0.027,
            "0.03750000596046449": 0.016747375309467315,
            "0.6750000119209290": 0.01332983374595642,
            "0.036874979734420776": 0.003332458436489105,
            "0.7487499713897705": 0,
            "0.8174999952316284": 0
        },
        "start": {
            "0.0": 0.25,
            "0.09812499582767485": 0.2919766530394554,
            "0.1962499916553497": 0.4179066121578217,
            "0.22312499582767487": 0.2642266530394554,
            "0.25": 0.213,
            "0.29500000000000004": 0.26,
            "0.34": 0.401,
            "0.47": 0.27275,
            "0.6": 0.23,
            "0.03750000596046449": 0.2182309058308602,
            "0.6750000119209290": 0.2143078744411469,
            "0.036874979734420776": 0.2028317861258984,
            "0.7487499713897705": 0.1990064233541489,
            "0.7831249833106995": 0.303754810243845,
            "0.8174999952316284": 0.6179999709129333
        },
        "mie_start": {
            "0.0": 0.5,
            "0.09812499582767485": 0.6680000126361847,
            "0.1962499916553497": 1.172000050544739,
            "0.22312499582767487": 0.6680000126361847,
            "0.25": 0.5,
            "0.29500000000000004": 0.5002499967813492,
            "0.34": 0.5009999871253967,
            "0.47": 0.25049999678134915,
            "0.6": 0.167,
            "0.03750000596046449": 0.15425,
            "0.6750000119209290": 0.15,
            "0.036874979734420776": 0.25,
            "0.7487499713897705": 0.55,
            "0.7831249833106995": 0.5980000000000001,
            "0.8174999952316284": 0.79
        },
        "max": {
            "0.0": 0.25,
            "0.09812499582767485": 0.16525,
            "0.1962499916553497": 0.137,
            "0.22312499582767487": 0.03425,
            "0.25": 0,
            "0.29500000000000004": 0.11675,
            "0.34": 0.467,
            "0.47": 0.26675000000000004,
            "0.6": 0.2,
            "0.03750000596046449": 0.19392562583088874,
            "0.6750000119209290": 0.191900834441185,
            "0.036874979734420776": 0.19742562583088874,
            "0.7487499713897705": 0.214,
            "0.7831249833106995": 0.0535,
            "0.8174999952316284": 0
        }
    },
    "rayleigh_strength": {
        "0.0": 1.026124954,
        "0.25": 0.1624998152,
        "0.3": 0.1624998152,
        "0.3037499785423279": 0.1624998152,
        "0.3249999880790710": 0.1624998152,
        "0.6": 0.5,
        "0.7074999809265137": 0.1982535422,
        "0.75": 0.125
    },
    "sun_mie_strength": {
        "0.0": 1,
        "0.25": 3,
        "0.3": 3,
        "0.3037499785423279": 2.878501892089844,
        "0.3249999880790710": 1,
        "0.6": 1,
        "0.7074999809265137": 1,
        "0.75": 1
    },
    "moon_mie_strength": {
        "0.0": 0,
        "0.25": 0,
        "0.3": 0,
        "0.3037499785423279": 0.114,
        "0.3249999880790710": 1,
        "0.6": 1,
        "0.7074999809265137": 0,
        "0.75": 0
    },
    "sun_glare_shape": {
        "0.0": 15.89900016784668,
        "0.25": 15.89900016784668,
        "0.3": 15.89900016784668,
        "0.3037499785423279": 15.84438705444336,
        "0.3249999880790710": 15,
        "0.6": 4,
        "0.7074999809265137": 4,
        "0.75": 4
    }
}