{
    "format_version": "1.21.80",
    "minecraft:lighting_settings": {
        "ambient": {
            "color": [
                128,
                118,
                103
            ],
            "illuminance": 0.05
        },
        "description": {
            "identifier": "smokey_pbr:default_lighting"
        },
        "directional_lights": {
            "orbital": {
                "moon": {
                    "color": [
                        128,
                        128,
                        255
                    ],
                    "illuminance": {
                        "0.0": 0.4,
                        "0.3": 0.2,
                        "0.5": 0.2,
                        "0.6": 0.2,
                        "0.19": 0.4,
                        "0.22": 0.4,
                        "0.25": 0.4,
                        "0.75": 0.4,
                        "0.78": 0.4,
                        "0.81": 0.4,
                        "0.3037499785423279": 0.2,
                        "0.3249999880790710": 0.2,
                        "0.7074999809265137": 0.2
                    }
                },
                "orbital_offset_degrees": 23.5,
                "sun": {
                    "color": {
                        "0.000000": [
                            249,
                            210,
                            133
                        ],
                        "0.150000": [
                            255,
                            211,
                            143
                        ],
                        "0.215000": [
                            255,
                            132,
                            46
                        ],
                        "0.240000": [
                            255,
                            90,
                            19
                        ],
                        "0.250000": [
                            184,
                            152,
                            131
                        ],
                        "0.300000": [
                            295,
                            22,
                            0
                        ],
                        "0.500000": [
                            150,
                            150,
                            150
                        ],
                        "0.600000": [
                            210,
                            100,
                            30
                        ],
                        "0.650000": [
                            210,
                            90,
                            30
                        ],
                        "0.700000": [
                            255,
                            171,
                            101
                        ],
                        "0.750000": [
                            255,
                            160,
                            80
                        ],
                        "0.785000": [
                            255,
                            90,
                            19
                        ],
                        "0.806000": [
                            255,
                            108,
                            46
                        ],
                        "0.827000": [
                            249,
                            210,
                            133
                        ],
                        "0.939000": [
                            255,
                            234,
                            172
                        ]
                    },
                    "illuminance": {
                        "0.0": 90,
                        "0.3": 0.5,
                        "0.5": 0.5,
                        "0.6": 0.5,
                        "0.19": 90,
                        "0.22": 60,
                        "0.23": 30,
                        "0.24": 20,
                        "0.25": 1,
                        "0.26": 1,
                        "0.74": 1,
                        "0.75": 20,
                        "0.76": 30,
                        "0.78": 60,
                        "0.81": 90,
                        "0.795": 90,
                        "0.3037499785423279": 0.5,
                        "0.3249999880790710": 0.5,
                        "0.7074999809265137": 0.5
                    }
                }
            }
        },
        "emissive": {
            "desaturation": 0.1
        },
        "sky": {
            "intensity": 0.25
        }
    }
}