{
    "format_version": "1.21.40",
    "minecraft:atmosphere_settings": {
        "description": {
            "identifier": "smokey_pbr:default_atmospherics"
        },
        "horizon_blend_stops": {
            "min": {
                "0.0": 0.13,
                "0.2": 0.19,
                "0.25": 0.0,
                "0.75": 0.0,
                "0.8": 0.19
            },
            "start": {
                "0.0": 0.3,
                "0.2": 0.27,
                "0.25": 0.213,
                "0.35": 0.0,
                "0.65": 0.0,
                "0.75": 0.2,
                "0.8": 0.27
            },
            "mie_start": {
                "0.0": 1.0
            },
            "max": {
                "0.0": 0.19,
                "0.2": 0.2,
                "0.25": 0.0,
                "0.35": 1.0,
                "0.65": 1.0,
                "0.75": 0.19,
                "0.8": 0.2
            }
        },
        "rayleigh_strength": {
            "0.0": 2.624998152,
            "0.19": 2.624998152,
            "0.25": 1.624998152,
            "0.3": 0.624998152,
            "0.3249999880790710": 0.624998152,
            "0.6": 0.6,
            "0.7074999809265137": 0.682535422,
            "0.75": 1.25,
            "0.81": 2.624998152
        },
        "sun_mie_strength": {
            "0.0": 3.0,
            "0.19": 2.5,
            "0.25": 0.0,
            "0.75": 0.0,
            "0.81": 3.0
        },
        "moon_mie_strength": {
            "0.0": 0.0
        },
        "sun_glare_shape": {
            "0.0": 1.0
        }
    }
}