{
    "format_version": "1.21.40",
    "minecraft:atmosphere_settings": {
        "description": {
            "identifier": "smokey_pbr:default_atmospherics"
        },
        "horizon_blend_stops": {
            "max": {
                "0.0": 0.295,
                "0.6": 0.2,
                "0.25": 0.903,
                "0.26": 0.8,
                "0.34": 0.386,
                "0.237": 0.682,
                "0.675": 0.192,
                "0.8175": 0.25,
                "0.19625": 0.295,
                "0.74875": 0.347
            },
            "mie_start": {
                "0.0": 0.252,
                "0.6": 0.28,
                "0.25": 0.211,
                "0.26": 0.239,
                "0.34": 0.191,
                "0.675": 0.402,
                "0.8175": 0.048,
                "0.19625": 0.089,
                "0.74875": 0.45,
                "0.236250": 0.239
            },
            "min": {
                "0.0": 0.307,
                "0.6": 0.222,
                "0.25": 0.335,
                "0.26": 0.597,
                "0.237": 0.295,
                "0.340": 0.534,
                "0.675": 0.085,
                "0.8175": 0.284,
                "0.19625": 0.238,
                "0.74875": 0.295
            },
            "start": {
                "0.0": 0.25,
                "0.6": 0.375,
                "0.25": 0.312,
                "0.26": 0.199,
                "0.34": 0.358,
                "0.237": 0.483,
                "0.675": 0.42,
                "0.8175": 0.335,
                "0.19625": 0.335,
                "0.74875": 0.324
            }
        },
        "moon_mie_strength": {
            "0.0": 0,
            "0.3": 0,
            "0.6": 10.32,
            "0.25": 20,
            "0.26": 4.24,
            "0.28": 20,
            "0.75": 20,
            "0.78": 20,
            "0.325": 20,
            "0.7075": 12.72,
            "0.30375": 0
        },
        "rayleigh_strength": {
            "0.0": 0.25,
            "0.2": 0.75,
            "0.3": 0.625,
            "0.5": 0.325,
            "0.6": 0.325,
            "0.7": 0.325,
            "0.8": 0.25,
            "0.15": 0.25,
            "0.25": 0.7,
            "0.27": 0.65,
            "0.29": 0.603,
            "0.32": 0.625,
            "0.35": 0.325,
            "0.73": 0.825,
            "0.75": 0.75,
            "0.78": 1.14
        },
        "sun_glare_shape": {
            "0.0": 50,
            "0.2": 50,
            "0.3": 4.1,
            "0.5": 25.8,
            "0.8": 50,
            "0.25": 50,
            "0.26": 37.25,
            "0.75": 50,
            "0.237": 50,
            "1.0": 50
        },
        "sun_mie_strength": {
            "0.0": 3.24,
            "0.2": 3.24,
            "0.3": 0,
            "0.5": 15,
            "0.8": 1.98,
            "0.23": 4.92,
            "0.25": 5.52,
            "0.26": 14.7,
            "0.75": 1.32,
            "0.237": 4.92,
            "1.0": 4.92
        }
    }
}