{
    "format_version": "1.21.40",
    "minecraft:atmosphere_settings": {
        "description": {
            "identifier": "smokey_pbr:default_atmospherics"
        },
        "horizon_blend_stops": {
            "max": {
                "0.00": 0.25,
                "0.17": 0.25,
                "0.24": 0.4,
                "0.25": 0.4,
                "0.29": 0.2,
                "0.32": 0.2,
                "0.50": 0.2,
                "0.60": 0.2,
                "0.67": 0.2,
                "0.70": 0.2,
                "0.72": 0.2,
                "0.75": 0.4,
                "0.76": 0.4,
                "0.82": 0.25,
                "0.225": 0.4,
                "0.775": 0.4
            },
            "mie_start": {
                "0.0": 0.3,
                "0.6": 0.3,
                "0.25": 0.3,
                "0.34": 0.3,
                "0.800000": 0.3,
                "0.1962499916553497": 0.3,
                "0.6750000119209290": 0.3,
                "0.7487499713897705": 0.3
            },
            "min": {
                "0.00": 0.3,
                "0.17": 0.3,
                "0.24": 0.3,
                "0.25": 0.25,
                "0.29": 0.21,
                "0.32": 0.21,
                "0.50": 0.21,
                "0.60": 0.21,
                "0.67": 0.21,
                "0.70": 0.21,
                "0.72": 0.21,
                "0.75": 0.25,
                "0.76": 0.3,
                "0.82": 0.3,
                "0.225": 0.3,
                "0.775": 0.3
            },
            "start": {
                "0.0": 0.3,
                "0.6": 0.2,
                "0.25": 0.27,
                "0.34": 0.2,
                "0.800000": 0.27,
                "0.1962499916553497": 0.27,
                "0.6750000119209290": 0.2,
                "0.7487499713897705": 0.27
            }
        },
        "moon_mie_strength": {
            "0.0": 0,
            "0.3": 0,
            "0.6": 0,
            "0.19": 0,
            "0.25": 0,
            "0.75": 0,
            "0.81": 0,
            "0.3037499785423279": 0,
            "0.3249999880790710": 0,
            "0.7074999809265137": 0
        },
        "rayleigh_strength": {
            "0.0": 0.9,
            "0.3": 0.4,
            "0.6": 0.4,
            "0.19": 0.9,
            "0.25": 0.6,
            "0.75": 0.6,
            "0.81": 0.9,
            "0.3037499785423279": 0.4,
            "0.3249999880790710": 0.4,
            "0.7074999809265137": 0.4
        },
        "sun_glare_shape": {
            "0.0": 5,
            "0.3": 5,
            "0.6": 5,
            "0.19": 5,
            "0.25": 5,
            "0.75": 5,
            "0.81": 5,
            "0.3037499785423279": 5,
            "0.3249999880790710": 5,
            "0.7074999809265137": 5
        },
        "sun_mie_strength": {
            "0.0": 3,
            "0.3": 3,
            "0.6": 3,
            "0.19": 3.5,
            "0.25": 3.5,
            "0.75": 3.5,
            "0.81": 3,
            "0.3037499785423279": 3,
            "0.3249999880790710": 3,
            "0.7074999809265137": 3
        }
    }
}